{
	"system" : {
		"platform" : "windows64",
		"os_name" : "Windows 10",
		"os_version" : "10.0"
	},
	"error" : {
		"executable" : "quartus",
		"comment" : "not_applicable",
		"error_message" : "Access Violation at 0X00007FFE285D0C00",
		"source_file" : "unknown",
		"line" : "0",
		"stack_trace" : "\t0x7ffe285d0bff: resr_rpwq + 0x20bff (?build_folder@RPWQ_REPORT_TOC_VIEW@@IEAAHPEAVRDB_FOLDER_OBJECT@@PEAVQStandardItem@@PEAVRDB_OBJECT@@AEAPEAV3@V?$basic_string@DU?$char_traits@D@std@@V?$allocator@D@2@@std@@@Z + 0x17f)\n\t0x7ffe285d13c8: resr_rpwq + 0x213c8 (?build_folder@RPWQ_REPORT_TOC_VIEW@@IEAAHPEAVRDB_FOLDER_OBJECT@@PEAVQStandardItem@@PEAVRDB_OBJECT@@AEAPEAV3@V?$basic_string@DU?$char_traits@D@std@@V?$allocator@D@2@@std@@@Z + 0x948)\n\t0x7ffe285d4e19: resr_rpwq + 0x24e19 (?load_report@RPWQ_REPORT_TOC_VIEW@@QEAAX_NPEBD@Z + 0x3b9)\n\t0x7ffe285b9183: resr_rpwq + 0x9183 (?do_load_report@RPWQ_FRAME_WND@@IEAA_N_NAEBVQString@@@Z + 0x63)\n\t0x7ffe285baf3f: resr_rpwq + 0xaf3f (?on_rdb_cache_freed@RPWQ_FRAME_WND@@QEAAXXZ + 0x7f)\n\t0x7ffe285bea3c: resr_rpwq + 0xea3c (?on_rdb_cache_freed@RPWQ_NTFQ_HANDLER@@QEAA_N_K_N@Z + 0xc)\n\t0x7ffe739a2050: ccl_ntfq + 0x2050 (?dispatch_notify_msg@NTFQ_NOTIFY_TARGET@@IEAA_NPEBVNTFQ_NOTIFY_MAP@@I_K_N@Z + 0x60)\n\t0x7ffe739a210b: ccl_ntfq + 0x210b (?on_ntfq_notify@NTFQ_NOTIFY_TARGET@@UEAA_NI_K_N@Z + 0x3b)\n\t0x7ffe739a2c71: ccl_ntfq + 0x2c71 (?broadcast_notify@NTFQ_NOTIFY_MGR@@UEAA_NI_K@Z + 0xb1)\n\t0x7ffe4df97296: DB_DBMUI + 0x7296 (?on_rdb_updated@DBMUI_MANAGER@@QEAA_N_K_N@Z + 0x56)\n\t0x7ffe739a2050: ccl_ntfq + 0x2050 (?dispatch_notify_msg@NTFQ_NOTIFY_TARGET@@IEAA_NPEBVNTFQ_NOTIFY_MAP@@I_K_N@Z + 0x60)\n\t0x7ffe739a210b: ccl_ntfq + 0x210b (?on_ntfq_notify@NTFQ_NOTIFY_TARGET@@UEAA_NI_K_N@Z + 0x3b)\n\t0x7ffe739a2c71: ccl_ntfq + 0x2c71 (?broadcast_notify@NTFQ_NOTIFY_MGR@@UEAA_NI_K@Z + 0xb1)\n\t0x7ffe693b9804: prj_pplq + 0x119804 (?store_device_part_info@PPLQ_TASK_REPORT_CTRL@@QEAAXXZ + 0x1f4)\n\t0x7ffe692ff65f: prj_pplq + 0x5f65f (?close_windows@PPLQ_FRAME_WND@@IEAAXXZ + 0x21f)\n\t0x7ffe692feea6: prj_pplq + 0x5eea6 (?closeEvent@PPLQ_FRAME_WND@@MEAAXPEAVQCloseEvent@@@Z + 0x16)\n\t 0x577b1fd1: QtGui4 + 0x61fd1 (?event@QWidget@@MEAA_NPEAVQEvent@@@Z + 0x521)\n\t 0x57aee830: QtGui4 + 0x39e830 (?event@QMainWindow@@MEAA_NPEAVQEvent@@@Z + 0x280)\n\t 0x57772c55: QtGui4 + 0x22c55 (?notify_helper@QApplicationPrivate@@QEAA_NPEAVQObject@@PEAVQEvent@@@Z + 0xf5)\n\t 0x577728ef: QtGui4 + 0x228ef (?notify@QApplication@@UEAA_NPEAVQObject@@PEAVQEvent@@@Z + 0x17bf)\n\t 0x581fec4b: QtCore4 + 0x10ec4b (?notifyInternal@QCoreApplication@@AEAA_NPEAVQObject@@PEAVQEvent@@@Z + 0x7b)\n\t 0x577af6e0: QtGui4 + 0x5f6e0 (?close_helper@QWidgetPrivate@@QEAA_NW4CloseMode@1@@Z + 0xb0)\n\t 0x57afffe3: QtGui4 + 0x3affe3 (?closeEvent@QMdiSubWindow@@MEAAXPEAVQCloseEvent@@@Z + 0x33)\n\t0x7ffe4e81e332: SYS_QUI + 0x3e332 (?closeEvent@QUI_MDI_SUB_WND@@MEAAXPEAVQCloseEvent@@@Z + 0x182)\n\t 0x577b1fd1: QtGui4 + 0x61fd1 (?event@QWidget@@MEAA_NPEAVQEvent@@@Z + 0x521)\n\t 0x57772c55: QtGui4 + 0x22c55 (?notify_helper@QApplicationPrivate@@QEAA_NPEAVQObject@@PEAVQEvent@@@Z + 0xf5)\n\t 0x577728ef: QtGui4 + 0x228ef (?notify@QApplication@@UEAA_NPEAVQObject@@PEAVQEvent@@@Z + 0x17bf)\n\t 0x581fec4b: QtCore4 + 0x10ec4b (?notifyInternal@QCoreApplication@@AEAA_NPEAVQObject@@PEAVQEvent@@@Z + 0x7b)\n\t 0x577af6d8: QtGui4 + 0x5f6d8 (?close_helper@QWidgetPrivate@@QEAA_NW4CloseMode@1@@Z + 0xa8)\n\t 0x577d8ba6: QtGui4 + 0x88ba6 (?winMouseButtonUp@QApplication@@SAXXZ + 0x1006)\n\t0x7ffe7b1ae857: USER32 + 0xe857 (CallWindowProcW + 0x3f7)\n\t0x7ffe7b1ae3db: USER32 + 0xe3db (DispatchMessageW + 0x39b)\n\t0x7ffe7b1c0c32: USER32 + 0x20c32 (SendMessageTimeoutW + 0x142)\n\t0x7ffe7cc50eb3: ntdll + 0xa0eb3 (KiUserCallbackDispatcher + 0x23)\n\t0x7ffe7abe1123: win32u + 0x1123 (NtUserMessageCall + 0x13)\n\t0x7ffe7b1acaf4: USER32 + 0xcaf4 (GetWindowTextW + 0x804)\n\t0x7ffe7b1ac2ae: USER32 + 0xc2ae (IsIconic + 0xbe)\n\t0x7ffe775fe781: uxtheme + 0xe781 (GetUserColorPreference + 0x1241)\n\t0x7ffe775f7121: uxtheme + 0x7121 (Ordinal96 + 0x4d1)\n\t0x7ffe77600868: uxtheme + 0x10868 (IsCompositionActive + 0x1fb8)\n\t0x7ffe776002d0: uxtheme + 0x102d0 (IsCompositionActive + 0x1a20)\n\t0x7ffe7b1ac7e2: USER32 + 0xc7e2 (GetWindowTextW + 0x4f2)\n\t 0x57c50887: QtGui4 + 0x500887 (?widgetDestroyed@QInputContext@@UEAAXPEAVQWidget@@@Z + 0x307)\n\t 0x577d8b65: QtGui4 + 0x88b65 (?winMouseButtonUp@QApplication@@SAXXZ + 0xfc5)\n\t0x7ffe7b1ae857: USER32 + 0xe857 (CallWindowProcW + 0x3f7)\n\t0x7ffe7b1ae3db: USER32 + 0xe3db (DispatchMessageW + 0x39b)\n\t0x7ffe7b1c0c32: USER32 + 0x20c32 (SendMessageTimeoutW + 0x142)\n\t0x7ffe7cc50eb3: ntdll + 0xa0eb3 (KiUserCallbackDispatcher + 0x23)\n\t0x7ffe7abe1123: win32u + 0x1123 (NtUserMessageCall + 0x13)\n\t0x7ffe7b1acaf4: USER32 + 0xcaf4 (GetWindowTextW + 0x804)\n\t0x7ffe7b1ac2ae: USER32 + 0xc2ae (IsIconic + 0xbe)\n\t0x7ffe775fe781: uxtheme + 0xe781 (GetUserColorPreference + 0x1241)\n\t0x7ffe775f7076: uxtheme + 0x7076 (Ordinal96 + 0x426)\n\t0x7ffe77600868: uxtheme + 0x10868 (IsCompositionActive + 0x1fb8)\n\t0x7ffe776002d0: uxtheme + 0x102d0 (IsCompositionActive + 0x1a20)\n\t0x7ffe7b1ac7e2: USER32 + 0xc7e2 (GetWindowTextW + 0x4f2)\n\t 0x57c50887: QtGui4 + 0x500887 (?widgetDestroyed@QInputContext@@UEAAXPEAVQWidget@@@Z + 0x307)\n\t 0x577d8b65: QtGui4 + 0x88b65 (?winMouseButtonUp@QApplication@@SAXXZ + 0xfc5)\n\t0x7ffe7b1ae857: USER32 + 0xe857 (CallWindowProcW + 0x3f7)\n\t0x7ffe7b1ae298: USER32 + 0xe298 (DispatchMessageW + 0x258)\n\t 0x58223982: QtCore4 + 0x133982 (?processEvents@QEventDispatcherWin32@@UEAA_NV?$QFlags@W4ProcessEventsFlag@QEventLoop@@@@@Z + 0x3e2)\n\t 0x577d2004: QtGui4 + 0x82004 (?openPopup@QApplicationPrivate@@QEAAXPEAVQWidget@@@Z + 0x204)\n\t 0x581ff299: QtCore4 + 0x10f299 (?processEvents@QCoreApplication@@SAXV?$QFlags@W4ProcessEventsFlag@QEventLoop@@@@@Z + 0x49)\n\t0x7ffe4e7f3896: SYS_QUI + 0x13896 (qui_call_app_process_event + 0x36)\n\t0x7ffe5ca51533: ccl_thr + 0x1533 (thr_qt_process_events + 0x43)\n\t0x7ffe4b0c4fc9: sys_flow + 0x4fc9 (?flow_call_cmd@@YA?AW4GEN_EXE_RETURN_CODE@@PEAVFLOW_FACADE@@PEBD@Z + 0x289)\n\t0x7ffe4b0d5260: sys_flow + 0x15260 (?flow_generic_call@@YA?AW4GEN_EXE_RETURN_CODE@@PEAVFLOW_FACADE@@PEBD1_N@Z + 0x1b0)\n\t0x7ffe4b0d3e7a: sys_flow + 0x13e7a (?flow_do_generic_flow@@YA?AW4GEN_EXE_RETURN_CODE@@PEAVFLOW_FACADE@@PEAUFLOW_NAME_CMD_PAIR@@W4SMART_ACTION@HDB_NAMESPACE@@@Z + 0x37a)\n\t0x7ffe4b0e352d: sys_flow + 0x2352d (?flow_full_compile_or_simulate@@YA?AW4GEN_EXE_RETURN_CODE@@PEAVFLOW_FACADE@@UFLOW_INFO@@_NPEAV?$vector@V?$basic_string@DU?$char_traits@D@std@@V?$allocator@D@2@@std@@V?$allocator@V?$basic_string@DU?$char_traits@D@std@@V?$allocator@D@2@@std@@@2@@std@@@Z + 0x1f5d)\n\t0x7ffe4b0e489d: sys_flow + 0x2489d (?flow_compile@@YA?AW4GEN_EXE_RETURN_CODE@@PEAVFLOW_FACADE@@UFLOW_INFO@@@Z + 0x2d)\n\t0x7ffe4b0db21f: sys_flow + 0x1b21f (flow_execute_custom + 0x8bf)\n\t0x7ffe4b0da919: sys_flow + 0x1a919 (flow_execute + 0x39)\n\t0x7ffe4e7f14fa: SYS_QUI + 0x114fa (?on_start_flow@QUI_APP@@MEAA?AW4GEN_EXE_RETURN_CODE@@HVQString@@@Z + 0x44a)\n\t0x7ffe4e837605: SYS_QUI + 0x57605 (?qt_static_metacall@QUI_APP@@CAXPEAVQObject@@W4Call@QMetaObject@@HPEAPEAX@Z + 0xa5)\n\t 0x58210cd7: QtCore4 + 0x120cd7 (?event@QObject@@UEAA_NPEAVQEvent@@@Z + 0xe7)\n\t 0x5776e35d: QtGui4 + 0x1e35d (?event@QApplication@@MEAA_NPEAVQEvent@@@Z + 0x38d)\n\t 0x57772c55: QtGui4 + 0x22c55 (?notify_helper@QApplicationPrivate@@QEAA_NPEAVQObject@@PEAVQEvent@@@Z + 0xf5)\n\t 0x577728ef: QtGui4 + 0x228ef (?notify@QApplication@@UEAA_NPEAVQObject@@PEAVQEvent@@@Z + 0x17bf)\n\t 0x581fec4b: QtCore4 + 0x10ec4b (?notifyInternal@QCoreApplication@@AEAA_NPEAVQObject@@PEAVQEvent@@@Z + 0x7b)\n\t 0x58200822: QtCore4 + 0x110822 (?sendPostedEvents@QCoreApplicationPrivate@@SAXPEAVQObject@@HPEAVQThreadData@@@Z + 0x2b2)\n\t 0x58224138: QtCore4 + 0x134138 (?processEvents@QEventDispatcherWin32@@UEAA_NV?$QFlags@W4ProcessEventsFlag@QEventLoop@@@@@Z + 0xb98)\n\t0x7ffe7b1ae857: USER32 + 0xe857 (CallWindowProcW + 0x3f7)\n\t0x7ffe7b1ae298: USER32 + 0xe298 (DispatchMessageW + 0x258)\n\t 0x58223982: QtCore4 + 0x133982 (?processEvents@QEventDispatcherWin32@@UEAA_NV?$QFlags@W4ProcessEventsFlag@QEventLoop@@@@@Z + 0x3e2)\n\t 0x577d2004: QtGui4 + 0x82004 (?openPopup@QApplicationPrivate@@QEAAXPEAVQWidget@@@Z + 0x204)\n\t 0x581fbb7b: QtCore4 + 0x10bb7b (?exec@QEventLoop@@QEAAHV?$QFlags@W4ProcessEventsFlag@QEventLoop@@@@@Z + 0x22b)\n\t 0x581fe18f: QtCore4 + 0x10e18f (?exec@QCoreApplication@@SAHXZ + 0x",
		"subsystem" : "unknown"
	},
	"quartus" : {
		"quartus_bits" : "64",
		"version" : "20.1.0",
		"build" : "711",
		"edition" : "Lite Edition"
	}
}